{
  "articles_by_country": {
    "US": 11969,
    "Unknown": 8186,
    "GB": 2714,
    "CA": 1484,
    "NL": 1162,
    "AU": 947,
    "DE": 820,
    "FR": 718,
    "CN": 658,
    "HK": 580,
    "SG": 516,
    "CH": 447,
    "IT": 427,
    "ES": 403,
    "DK": 379,
    "SE": 298,
    "FI": 227,
    "BE": 219,
    "IL": 210,
    "NO": 151,
    "AT": 145,
    "KR": 140,
    "PT": 99,
    "IE": 91,
    "NZ": 88,
    "IN": 47,
    "TW": 43,
    "MX": 41,
    "JP": 39,
    "CL": 21
  },
  "crossover_by_country": {
    "US": 296,
    "Unknown": 122,
    "GB": 44,
    "FR": 21,
    "CA": 19,
    "DE": 11,
    "CH": 11,
    "AU": 10,
    "NL": 9,
    "ES": 9,
    "SG": 6,
    "HK": 3,
    "FI": 3,
    "IT": 3,
    "DK": 2,
    "IL": 2,
    "AT": 2,
    "CL": 2,
    "CN": 2,
    "JP": 2
  },
  "us_share_articles": 35.8256757161244,
  "us_share_crossover": 50.77186963979416,
  "anglo_share": 51.225717621000335,
  "methodology": "Countries resolved via OpenAlex institution country_code for top 500 institutions"
}