{
  "assortativity_by_tier": 0.06477814233084664,
  "tier_citation_matrix_raw": {
    "1": {
      "1": 102182,
      "2": 67618,
      "3": 149497
    },
    "2": {
      "1": 88674,
      "2": 101488,
      "3": 230963
    },
    "3": {
      "1": 330550,
      "2": 385860,
      "3": 1189318
    }
  },
  "tier_citation_matrix_pct": {
    "1": {
      "1": 19.6,
      "2": 12.2,
      "3": 9.5
    },
    "2": {
      "1": 17.0,
      "2": 18.3,
      "3": 14.7
    },
    "3": {
      "1": 63.4,
      "2": 69.5,
      "3": 75.8
    }
  },
  "citation_gini": 0.7582678948977063,
  "top_1pct_citation_share": 21.13939119097557,
  "top_5pct_citation_share": 49.693441414885775,
  "top_10pct_citation_share": 65.1823970674376,
  "authors_by_tier": {
    "1": 2926,
    "2": 3024,
    "3": 25972
  }
}